1,Nike,70,The radiance lives in in the Nike Air Force 1'07.,7,Nike Air Force 1'07,9,2,0,130,https://i.ibb.co/6rqTHDc/4.jpg
10,Nike,70,The radiance lives in in the Nike Air Force 1'07.,7,Dummy Item 10,9,2,0,130,https://i.ibb.co/FzgjFHC/45.jpg
11,Nike,70,The radiance lives in in the Nike Air Force 1'07.,7,Dummy Item 11,9,2,0,130,https://i.ibb.co/RPCTv95/44.jpg
12,Nike,70,The radiance lives in in the Nike Air Force 1'07.,7,Dummy Item 12,9,2,0,130,https://i.ibb.co/3mVXZbm/43.jpg
13,Nike,70,The radiance lives in in the Nike Air Force 1'07.,7,Dummy Item 13,9,2,0,130,https://i.ibb.co/6yhDtXW/42.jpg
14,Nike,70,The radiance lives in in the Nike Air Force 1'07.,7,Dummy Item 14,9,2,0,130,https://i.ibb.co/ngm8s3f/41.jpg
15,Nike,70,The radiance lives in in the Nike Air Force 1'07.,7,Dummy Item 15,9,2,0,130,https://i.ibb.co/qs4GYNp/40.jpg
16,Nike,70,The radiance lives in in the Nike Air Force 1'07.,7,Dummy Item 16,9,2,0,130,https://i.ibb.co/gSLN7Cw/39.jpg
17,Nike,70,The radiance lives in in the Nike Air Force 1'07.,7,Dummy Item 17,9,2,0,130,https://i.ibb.co/cYGBTZg/38.jpg
18,Nike,70,The radiance lives in in the Nike Air Force 1'07.,7,Dummy Item 18,9,2,0,130,https://i.ibb.co/7YHWyQ4/37.jpg
19,Nike,70,The radiance lives in in the Nike Air Force 1'07.,7,Dummy Item 19,9,2,0,130,https://i.ibb.co/rvYZ0JK/36.jpg
2,Nike,60,These sneakers sit on a pixelated midsole and feature an encapsulated AIr unit for maximum cushioning,7,Nike Air Force 1,9,2,2,125,https://i.ibb.co/GndKwfd/2.jpg
20,Nike,70,The radiance lives in in the Nike Air Force 1'07.,7,Dummy Item 1A,9,2,0,130,https://i.ibb.co/1L3Czg7/35.jpg
21,Nike,70,The radiance lives in in the Nike Air Force 1'07.,7,Dummy Item 1B,9,2,0,130,https://i.ibb.co/Ky1L2NV/34.jpg
22,Nike,70,The radiance lives in in the Nike Air Force 1'07.,7,Dummy Item 1C,9,2,0,130,https://i.ibb.co/R2Z6Vcd/33.jpg
23,Nike,70,The radiance lives in in the Nike Air Force 1'07.,7,Dummy Item 1D,9,2,0,130,https://i.ibb.co/y61Sc16/32.jpg
24,Nike,70,The radiance lives in in the Nike Air Force 1'07.,7,Dummy Item 1E,9,2,0,130,https://i.ibb.co/4J9S1qp/31.jpg
25,Nike,70,The radiance lives in in the Nike Air Force 1'07.,7,Dummy Item 1F,9,2,0,130,https://i.ibb.co/gVsHj5N/30.jpg
26,Nike,70,The radiance lives in in the Nike Air Force 1'07.,7,Test Product,9,2,0,130,https://i.ibb.co/ZVNr1CB/29.jpg
29,Nike,70,The radiance lives in in the Nike Air Force 1'07.,7,TestProduct,9,2,0,130,https://i.ibb.co/gTkvjt9/26.jpg
30,Nike,70,The radiance lives in in the Nike Air Force 1'07.,7,TestProduct,9,2,0,130,https://i.ibb.co/WFdT4vF/25.jpg
31,Nike,70,The radiance lives in in the Nike Air Force 1'07.,7,Aa 01,9,1,0,130,https://i.ibb.co/xYxnYyG/24.jpg
32,Nike,70,The radiance lives in in the Nike Air Force 1'07.,7,Aa 02,9,1,0,130,https://i.ibb.co/PGFw2pD/23.jpg
33,Nike,70,The radiance lives in in the Nike Air Force 1'07.,7,Aa 03,9,1,0,130,https://i.ibb.co/2qCXYy3/22.jpg
34,Nike,70,The radiance lives in in the Nike Air Force 1'07.,7,Aa 01,9,0,0,130,https://i.ibb.co/k0WSP9K/21.jpg
35,Nike,70,The radiance lives in in the Nike Air Force 1'07.,7,Aa 02,9,0,0,130,https://i.ibb.co/g3T54zQ/20.jpg
36,Nike,70,The radiance lives in in the Nike Air Force 1'07.,7,Aa 03,9,0,0,130,https://i.ibb.co/mcXGMQn/19.jpg
37,Nike,70,The radiance lives in in the Nike Air Force 1'07.,7,Bb 04,9,0,0,130,https://i.ibb.co/3FDH0q0/18.jpg
38,Nike,70,The radiance lives in in the Nike Air Force 1'07.,7,Bb 05,9,0,0,130,https://i.ibb.co/dMnHkvW/17.jpg
39,Nike,70,The radiance lives in in the Nike Air Force 1'07.,7,Bb 06,9,0,0,130,https://i.ibb.co/bmLpGz0/16.jpg
4,Nike,70,The radiance lives in in the Nike Air Force 1'07.,7,Dummy Item A,9,2,0,130,https://i.ibb.co/HVHd3kt/1.jpg
40,Nike,70,The radiance lives in in the Nike Air Force 1'07.,7,Cc 07,9,0,0,130,https://i.ibb.co/q9b2Fdc/15.jpg
41,Nike,70,The radiance lives in in the Nike Air Force 1'07.,7,Cc 08,9,0,0,130,https://i.ibb.co/883N8KD/14.jpg
42,Nike,70,The radiance lives in in the Nike Air Force 1'07.,7,Cc 09,9,0,0,130,https://i.ibb.co/PmyVLt8/13.jpg
43,Nike,70,The radiance lives in in the Nike Air Force 1'07.,7,Dd 09,9,1,0,130,https://i.ibb.co/FqQTzg5/12.jpg
44,Nike,70,The radiance lives in in the Nike Air Force 1'07.,7,Dd 08,9,1,0,130,https://i.ibb.co/m07TF70/11.jpg
45,Nike,70,The radiance lives in in the Nike Air Force 1'07.,7,Dd 07,9,1,0,130,https://i.ibb.co/0YksTnB/10.jpg
46,Nike,70,The radiance lives in in the Nike Air Force 1'07.,7,Dd 06,9,1,0,130,https://i.ibb.co/n3dt87v/9.jpg
47,Nike,70,The radiance lives in in the Nike Air Force 1'07.,7,Ee 05,9,1,0,130,https://i.ibb.co/54rTSXV/8.jpg
48,Nike,70,The radiance lives in in the Nike Air Force 1'07.,7,Ee 04,9,1,0,130,https://i.ibb.co/9t6hr42/7.jpg
49,Nike,70,The radiance lives in in the Nike Air Force 1'07.,7,Ee 058,9,1,0,130,https://i.ibb.co/C6k3k5R/5.jpg
5,Nike,70,The radiance lives in in the Nike Air Force 1'07.,7,Dummy Item B,9,2,0,130,https://i.ibb.co/FxmXpFq/50.jpg
50,Nike,70,The radiance lives in in the Nike Air Force 1'07.,7,Ee 02,9,1,0,130,https://i.ibb.co/nkKkyrJ/6.jpg
53,Nike,70,The radiance lives in in the Nike Air Force 1'07.,7,TestProduct,9,2,0,130,url
54,Nike,70,The radiance lives in in the Nike Air Force 1'07.,7,TestProduct,9,2,0,130,url
55,Nike,70,The radiance lives in in the Nike Air Force 1'07.,7,TestProduct,9,2,0,130,url
56,Nike,70,The radiance lives in in the Nike Air Force 1'07.,7,TestProduct,9,2,0,130,url
57,Nike,70,The radiance lives in in the Nike Air Force 1'07.,7,TestProduct,9,2,0,130,url
58,Nike,70,The radiance lives in in the Nike Air Force 1'07.,7,TestProduct,9,2,0,130,url
59,Nike,70,The radiance lives in in the Nike Air Force 1'07.,7,TestProduct,9,2,0,130,url
6,Nike,70,The radiance lives in in the Nike Air Force 1'07.,7,Dummy Item C,9,2,0,130,https://i.ibb.co/TYY1F0S/49.jpg
60,Nike,70,The radiance lives in in the Nike Air Force 1'07.,7,TestProduct,9,2,0,130,url
61,Nike,70,The radiance lives in in the Nike Air Force 1'07.,7,TestProduct,9,2,0,130,url
62,Nike,70,The radiance lives in in the Nike Air Force 1'07.,7,TestProduct,9,2,0,130,url
63,Nike,70,The radiance lives in in the Nike Air Force 1'07.,7,TestProduct,9,2,0,130,url
64,Nike,70,The radiance lives in in the Nike Air Force 1'07.,7,TestProduct,9,2,0,130,url
65,Nike,70,The radiance lives in in the Nike Air Force 1'07.,7,TestProduct,9,2,0,130,url
66,Nike,70,The radiance lives in in the Nike Air Force 1'07.,7,TestProduct,9,2,0,130,url
67,Nike,70,The radiance lives in in the Nike Air Force 1'07.,7,TestProduct,9,2,0,130,url
68,Nike,70,The radiance lives in in the Nike Air Force 1'07.,7,TestProduct,9,2,0,130,url
69,Nike,70,The radiance lives in in the Nike Air Force 1'07.,7,TestProduct,9,2,0,130,url
7,Nike,70,The radiance lives in in the Nike Air Force 1'07.,7,Dummy Item D,9,2,0,130,https://i.ibb.co/Tmg27tt/48.jpg
70,Nike,70,The radiance lives in in the Nike Air Force 1'07.,7,TestProduct,9,2,0,130,url
71,Nike,70,The radiance lives in in the Nike Air Force 1'07.,7,TestProduct,9,2,0,130,url
8,Nike,70,The radiance lives in in the Nike Air Force 1'07.,7,Dummy Item E,9,2,0,130,https://i.ibb.co/NWmkkQw/47.jpg
9,Nike,70,The radiance lives in in the Nike Air Force 1'07.,7,Dummy Item F,9,2,0,130,https://i.ibb.co/vx21pjR/46.jpg
